model;accuracy;precision;recall;f1_score
DecisionTree;0.7319587628865979;0.8813559322033898;0.5360824742268041;0.6666666666666666
RandomForest;0.8015463917525774;0.7746478873239436;0.8505154639175257;0.8108108108108109
LogisticRegression;0.8324742268041238;0.8486486486486486;0.8092783505154639;0.8284960422163589
LinearSVC;0.8350515463917526;0.8457446808510638;0.8195876288659794;0.8324607329842932
